Source,Destination,Line,Time(min)
Gucheng,Bajiao Amusement Park,1,3
Bajiao Amusement Park,Babaoshan,1,3
Babaoshan,Yuquan Lu,1,3
Yuquan Lu,Wukesong,1,2
Wukesong,Wanshou Lu,1,3
Wanshou Lu,Gongzhufen,1,2
Gongzhufen,Military Museum,1,3
Military Museum,Muxidi,1,2
Muxidi,Nanlishi Lu,1,2
Nanlishi Lu,Fuxing Men,1,2
Fuxing Men,Xidan,1,3
Xidan,Tian'anmen Xi(W),1,2
Tian'anmen Xi(W),Tian'anmen Dong(E),1,2
Tian'anmen Dong(E),Wangfujing,1,2
Wangfujing,Dongdan,1,2
Dongdan,Jianguo Men,1,2
Jianguo Men,Yong'an Li,1,3
Yong'an Li,Guomao,1,2
Guomao,Dawang Lu,1,2
Dawang Lu,Sihui,1,3
Sihui,Sihui Dong(E),1,3
Sihui Dong(E),Gaobeidian,1,3
Gaobeidian,Communication Univ.of China,1,3
Communication Univ.of China,Shuang Qiao,1,2
Shuang Qiao,Guaanzhuang,1,3
Guaanzhuang,Bali Qiao,1,3
Bali Qiao,Tongzhou Beiyuan,1,3
Tongzhou Beiyuan,Guoyuan,1,3
Guoyuan,Jiukeshu,1,2
Jiukeshu,Liyuan,1,2
Liyuan,Linheli,1,2
Linheli,Tu Qiao,1,2
Tu Qiao,Huazhuang,1,3
Huazhuang,Universal Resort,1,3
Jishuitan,Gulou Dajie,2,2
Gulou Dajie,Anding Men,2,3
Anding Men,Yonghegong Lama Temple,2,2
Yonghegong Lama Temple,Dongzhi Men,2,3
Dongzhi Men,Dongsi Shitiao,2,2
Dongsi Shitiao,Chaoyang Men,2,2
Chaoyang Men,Jianguo Men,2,3
Jianguo Men,Beijing Railway Station,2,2
Beijing Railway Station,Chongwen Men,2,2
Chongwen Men,Qian Men,2,3
Qian Men,Heping Men,2,2
Heping Men,Xuanwu Men,2,2
Xuanwu Men,Changchun Jie,2,2
Changchun Jie,Fuxing Men,2,2
Fuxing Men,Fucheng Men,2,3
Fucheng Men,Chegongzhuang,2,2
Chegongzhuang,Xizhi Men,2,4
Anheqiao Bei (N),Beigongmen,4,1
Beigongmen,Xi Yuan,4,2
Xi Yuan,Yuanmingyuan Park,4,3
Yuanmingyuan Park,Peking Univ.East Gate,4,3
Peking Univ.East Gate,Zhongguancun,4,1
Zhongguancun,Haidian Huangzhuang,4,2
Haidian Huangzhuang,Renmin Univ.,4,3
Renmin Univ.,Weigongcun,4,1
Weigongcun,National Library,4,3
National Library,Beijing Zoo,4,3
Beijing Zoo,Xizhi Men,4,2
Xizhi Men,Xinjie Kou,4,2
Xinjie Kou,Ping'an Li,4,3
Ping'an Li,Xisi,4,2
Xisi,Lingjing Hutong,4,2
Lingjing Hutong,Xidan,4,2
Xidan,Xuanwu Men,4,2
Xuanwu Men,Caishi Kou,4,2
Caishi Kou,Taoranting,4,2
Taoranting,Beijing South Railway Station,4,3
Beijing South Railway Station,Majiapu,4,3
Majiapu,Jiaomen Xi (W),4,2
Jiaomen Xi (W),Gongyi Xiqiao,4,2
Gongyi Xiqiao,Xin Gong,4,3
Xin Gong,Xihong Men,4,4
Xihong Men,Gaomidian Bei (N),4,3
Gaomidian Bei (N),Gaomidian Nan (S),4,2
Gaomidian Nan (S),Zaoyuan,4,2
Zaoyuan,Qingyuan Lu,4,2
Qingyuan Lu,Huangcun Xidajie,4,3
Huangcun Xidajie,Huangcun Railway Station,4,2
Huangcun Railway Station,Yihezhuang,4,3
Yihezhuang,Biomedical Base,4,3
Biomedical Base,Tiangong Yuan,4,3
Songjiazhuang,Liujiayao,5,3
Liujiayao,Puhuangyu,5,2
Puhuangyu,Temple of Heaven East Gate,5,3
Temple of Heaven East Gate,Ciqi Kou,5,2
Ciqi Kou,Chongwen Men,5,2
Chongwen Men,Dongdan,5,2
Dongdan,Dengshi Kou,5,2
Dengshi Kou,Dongsi,5,2
Dongsi,Zhangzizhong Lu,5,3
Zhangzizhong Lu,Beixinqiao,5,1
Beixinqiao,Yonghegong Lama Temple,5,2
Yonghegong Lama Temple,Hepingli Beijie,5,3
Hepingli Beijie,Heping Xiqiao,5,2
Heping Xiqiao,Huixin Xijie Nankou,5,2
Huixin Xijie Nankou,Huixin Xijie Beikou,5,2
Huixin Xijie Beikou,Datunlu Dong (E),5,3
Datunlu Dong (E),Beiyuanlu Bei (N),5,3
Beiyuanlu Bei (N),Lishuiqiao Nan (S),5,2
Lishuiqiao Nan (S),Lishui Qiao,5,3
Lishui Qiao,Tiantongyuan Nan (S),5,2
Tiantongyuan Nan (S),Tiantong Yuan,5,2
Tiantong Yuan,Tiantongyuan Bei (N),5,2
Jin'an Qiao,Pingguo Yuan,6,2
Pingguo Yuan,Yangzhuang,6,2
Yangzhuang,Xihuangcun,6,3
Xihuangcun,Liaogongzhuang,6,3
Liaogongzhuang,Tiancun,6,3
Tiancun,Haidian Wuluju,6,3
Haidian Wuluju,Cishou Si,6,3
Cishou Si,Huayuan Qiao,6,2
Huayuan Qiao,Baishiqiao Nan (S),6,2
Baishiqiao Nan (S),Chegongzhuang Xi (W),6,3
Chegongzhuang Xi (W),Chegongzhuang,6,2
Chegongzhuang,Ping'an Li,6,2
Ping'an Li,Beihai Bei (N),6,3
Beihai Bei (N),Nanluogu Xiang,6,2
Nanluogu Xiang,Dongsi,6,3
Dongsi,Chaoyang Men,6,2
Chaoyang Men,Dongdaqiao,6,3
Dongdaqiao,Hujialou,6,2
Hujialou,Jintai Lu,6,3
Jintai Lu,Shilipu,6,3
Shilipu,Qingnian Lu,6,2
Qingnian Lu,Dalianpo,6,3
Dalianpo,Huangqu,6,2
Huangqu,Changying,6,3
Changying,Caofang,6,2
Caofang,Wuzi Xueyuan Lu,6,3
Wuzi Xueyuan Lu,Tongzhou Beiguan,6,3
Tongzhou Beiguan,Beiyunhe Xi (W),6,3
Beiyunhe Xi (W),Beiyunhe Dong (E),6,2
Beiyunhe Dong (E),Haojia Fu,6,2
Haojia Fu,Dongxia Yuan,6,3
Dongxia Yuan,Lucheng,6,2
Beijing West Railway Station,Wanzi,7,2
Wanzi,Daguanying,7,2
Daguanying,Guang'anmen Nei,7,3
Guang'anmen Nei,Caishi Kou,7,3
Caishi Kou,Hufangqiao,7,2
Hufangqiao,Zhushi Kou,7,2
Zhushi Kou,Qiaowan,7,2
Qiaowan,Ciqi Kou,7,2
Ciqi Kou,Guangqumen Nei,7,2
Guangqumen Nei,Guangqumen Wai,7,3
Guangqumen Wai,Shuangjing,7,2
Shuangjing,Jiulongshan,7,3
Jiulongshan,Dajiaoting,7,2
Dajiaoting,Baiziwan,7,1
Baiziwan,Huagong,7,3
Huagong,Nanlouzi Zhuang,7,2
Nanlouzi Zhuang,Happy Valley,7,2
Happy Valley,Fatou,7,2
Fatou,Shuanghe,7,3
Shuanghe,Jiaohua Chang,7,2
Jiaohua Chang,Huangchang,7,2
Huangchang,Langxinzhuang,7,3
Langxinzhuang,Heizhuanghu,7,3
Heizhuanghu,Wansheng Xi (W),7,3
Wansheng Xi (W),Wansheng Dong (E),7,3
Wansheng Dong (E),Qunfang,7,2
Qunfang,Gaoloujin,7,2
Gaoloujin,Huazhuang,7,2
Huazhuang,Universal Resort,7,3
Zhuxinzhuang,Yuzhi Lu,8,3
Yuzhi Lu,Pingxi Fu,8,3
Pingxi Fu,Huilongguan Dongdajie,8,3
Huilongguan Dongdajie,Huoying,8,2
Huoying,Yuxin,8,3
Yuxin,Xixiao Kou,8,3
Xixiao Kou,Yongtaizhuang,8,2
Yongtaizhuang,Lincui Qiao,8,3
Lincui Qiao,Forest Park South Gate,8,3
Forest Park South Gate,Olympic Park,8,2
Olympic Park,Olympic Sports Center,8,2
Olympic Sports Center,Beitucheng,8,2
Beitucheng,Anhua Qiao,8,3
Anhua Qiao,Andeli Beijie,8,2
Andeli Beijie,Gulou Dajie,8,2
Gulou Dajie,Shichahai,8,2
Shichahai,Nanluogu Xiang,8,3
Nanluogu Xiang,National Art Museum,8,2
National Art Museum,Jinyu Hutong,8,2
Jinyu Hutong,Wangfujing,8,2
Wangfujing,Qian Men,8,3
Qian Men,Zhushi Kou,8,2
Zhushi Kou,Tianqiao,8,2
Tianqiao,Yongdingmen Wai,8,3
Yongdingmen Wai,Muxi Yuan,8,2
Muxi Yuan,Haihutun,8,1
Haihutun,Dahongmen Nan (S),8,4
Dahongmen Nan (S),Heyi,8,3
Heyi,Donggaodi,8,2
Donggaodi,Huojian Wanyuan,8,3
Huojian Wanyuan,Wufutang,8,2
Wufutang,Demao,8,3
Demao,Yinghai,8,2
Guogongzhuang,Fengtai Science Park,9,2
Fengtai Science Park,Keyi Lu,9,2
Keyi Lu,Fengtai Nanlu,9,2
Fengtai Nanlu,Fengtai Dongdajie,9,3
Fengtai Dongdajie,Qilizhuang,9,2
Qilizhuang,Liuli Qiao,9,3
Liuli Qiao,Liuliqiao Dong (E),9,3
Liuliqiao Dong (E),Beijing West Railway Station,9,3
Beijing West Railway Station,Military Museum,9,3
Military Museum,Baiduizi,9,3
Baiduizi,Baishiqiao Nan (S),9,2
Baishiqiao Nan (S),National Library,9,2
Suzhou Jie,Haidian Huangzhuang,10,2
Haidian Huangzhuang,Zhichun Li,10,2
Zhichun Li,Zhichun Lu,10,2
Zhichun Lu,Xitucheng,10,2
Xitucheng,Mudan Yuan,10,2
Mudan Yuan,Jiande Men,10,2
Jiande Men,Beitucheng,10,2
Beitucheng,Anzhen Men,10,3
Anzhen Men,Huixin Xijie Nankou,10,2
Huixin Xijie Nankou,Shaoyaoju,10,3
Shaoyaoju,Taiyanggong,10,2
Taiyanggong,Sanyuan Qiao,10,3
Sanyuan Qiao,Liangma Qiao,10,2
Liangma Qiao,Agricultural Exhibition Center,10,2
Agricultural Exhibition Center,Tuanjiehu,10,2
Tuanjiehu,Hujialou,10,2
Hujialou,Jintai Xizhao,10,2
Jintai Xizhao,Guomao,10,2
Guomao,Shuangjing,10,3
Shuangjing,Jinsong,10,2
Jinsong,Panjia Yuan,10,2
Panjia Yuan,Shilihe,10,2
Shilihe,Fenzhong Si,10,2
Fenzhong Si,Chengshou Si,10,2
Chengshou Si,Songjiazhuang,10,3
Songjiazhuang,Shiliuzhuang,10,2
Shiliuzhuang,Dahong Men,10,2
Dahong Men,Jiaomen Dong (E),10,3
Jiaomen Dong (E),Jiaomen Xi (W),10,2
Jiaomen Xi (W),Caoqiao,10,3
Caoqiao,Jijiamiao,10,2
Jijiamiao,Shoujingmao,10,2
Shoujingmao,Fengtai Railway Station,10,3
Fengtai Railway Station,Niwa,10,2
Niwa,Xiju,10,2
Xiju,Liuli Qiao,10,2
Liuli Qiao,Lianhua Qiao,10,3
Lianhua Qiao,Gongzhufen,10,2
Gongzhufen,Xidiaoyutai,10,3
Xidiaoyutai,Cishou Si,10,2
Cishou Si,Chedaogou,10,2
Chedaogou,Changchun Qiao,10,3
Changchun Qiao,Huoqiying,10,2
Huoqiying,Bagou,10,2
Xinshougang,Beixin'an,11,3
Beixin'an,Jin'an Qiao,11,2
Xizhi Men,Dazhong Si,13,3
Dazhong Si,Zhichun Lu,13,3
Zhichun Lu,Wudao Kou,13,3
Wudao Kou,Shangdi,13,4
Shangdi,Qinghe Railway Station,13,3
Qinghe Railway Station,Xi'erqi,13,2
Xi'erqi,Longze,13,4
Longze,Huilong Guan,13,3
Huilong Guan,Huoying,13,3
Huoying,Lishui Qiao,13,4
Lishui Qiao,Bei Yuan,13,3
Bei Yuan,Wangjing Xi (W),13,5
Wangjing Xi (W),Shaoyaoju,13,3
Shaoyaoju,Guangxi Men,13,3
Guangxi Men,Liufang,13,2
Liufang,Dongzhi Men,13,3
Zhangguozhuang,Garden Expo Park,14,1
Garden Expo Park,Dawayao,14,5
Dawayao,Guozhuangzi,14,2
Guozhuangzi,Dajing,14,3
Dajing,Qilizhuang,14,3
Qilizhuang,Xiju,14,2
Xiju,Dongguantou,14,3
Dongguantou,Lize Shangwuqu,14,2
Lize Shangwuqu,Caihuying,14,3
Caihuying,Xitieying,14,2
Xitieying,Jingfengmen,14,2
Jingfengmen,Beijing South Railway Station,14,3
Beijing South Railway Station,Yongdingmen Wai,14,3
Yongdingmen Wai,Jingtai,14,2
Jingtai,Puhuangyu,14,3
Puhuangyu,Fangzhuang,14,2
Fangzhuang,Shilihe,14,3
Shilihe,Beijing Univ. of Tech. West Gate,14,3
Beijing Univ. of Tech. West Gate,Pingle Yuan,14,2
Pingle Yuan,Jiulongshan,14,2
Jiulongshan,Dawang Lu,14,3
Dawang Lu,Jintai Lu,14,3
Jintai Lu,Chaoyang Park,14,2
Chaoyang Park,Zaoying,14,2
Zaoying,Dongfeng Beiqiao,14,3
Dongfeng Beiqiao,Jiangtai,14,2
Jiangtai,Wangjing Nan (S),14,3
Wangjing Nan (S),Futong,14,2
Futong,Wangjing,14,2
Wangjing,Donghuqu,14,3
Donghuqu,Laiguangying,14,2
Laiguangying,Shan'gezhuang,14,2
Fengbo,Shunyi,15,3
Shunyi,Shimen,15,3
Shimen,Nanfaxin,15,3
Nanfaxin,Houshayu,15,4
Houshayu,Hualikan,15,3
Hualikan,China Int'l Exhibition Center,15,3
China Int'l Exhibition Center,Sunhe,15,3
Sunhe,Maquanying,15,4
Maquanying,Cuigezhuang,15,3
Cuigezhuang,Wangjing Dong (E),15,3
Wangjing Dong (E),Wangjing,15,3
Wangjing,Wangjing Xi (W),15,3
Wangjing Xi (W),Guanzhuang,15,3
Guanzhuang,Datunlu Dong (E),15,2
Datunlu Dong (E),Anli Lu,15,2
Anli Lu,Olympic Park,15,3
Olympic Park,Beishatan,15,3
Beishatan,Liudao Kou,15,2
Liudao Kou,Qinghua Donglu Xikou,15,2
Yushuzhuang,Kandan,16,2
Kandan,Fufengqiao,16,3
Fufengqiao,Fengtai Nanlu,16,2
Fengtai Nanlu,Fengtai Railway Station,16,3
Fengtai Railway Station,Dongguantou Nan (S),16,3
Dongguantou Nan (S),Honglian Nanlu,16,4
Honglian Nanlu,Daguanying,16,3
Daguanying,Muxidi,16,3
Muxidi,Yuyuantan Dongmen,16,2
Yuyuantan Dongmen,Ganjia Kou,16,2
Ganjia Kou,National Library,16,4
National Library,Wanshou Si,16,3
Wanshou Si,Suzhou Qiao,16,3
Suzhou Qiao,Wanquanhe Qiao,16,4
Wanquanhe Qiao,Xi Yuan,16,3
Xi Yuan,Nongda Nanlu,16,3
Nongda Nanlu,Malianwa,16,3
Malianwa,Xibeiwang,16,3
Xibeiwang,Yongfeng Nan (S),16,3
Yongfeng Nan (S),Yongfeng,16,3
Yongfeng,Tundian,16,3
Tundian,Daoxianghu Lu,16,3
Daoxianghu Lu,Wenyang Lu,16,3
Wenyang Lu,Bei'anhe,16,2
Jiahuihu,Ciqu,17,2
Ciqu,Ciqubei,17,3
Ciqubei,Beishenshu,17,3
Beishenshu,Shibalidian,17,5
Shibalidian,Zhoujiazhuang,17,3
Zhoujiazhuang,Shilihe,17,2
Xin Gong,Xinfadi,19,2
Xinfadi,Caoqiao,19,3
Caoqiao,Jingfengmen,19,3
Jingfengmen,Niujie,19,3
Niujie,Taipingqiao,19,3
Taipingqiao,Ping'an Li,19,3
Ping'an Li,Jishuitan,19,3
Jishuitan,Beitaipingzhuang,19,3
Beitaipingzhuang,Mudan Yuan,19,1
Changping Xishankou,Ming Tombs,20,2
Ming Tombs,Changping,20,3
Changping,Changping Dongguan,20,3
Changping Dongguan,Beishaowa,20,2
Beishaowa,Nanshao,20,3
Nanshao,Shahe Univ. Park,20,4
Shahe Univ. Park,Shahe,20,3
Shahe,Gonghua Cheng,20,3
Gonghua Cheng,Zhuxinzhuang,20,4
Zhuxinzhuang,Life Science Park,20,3
Life Science Park,Xi'erqi,20,5
Xi'erqi,Qinghe Railway Station,20,2
Songjiazhuang,Xiaocun,21,3
Xiaocun,Xiaohong Men,21,2
Xiaohong Men,Jiu Gong,21,3
Jiu Gong,Yizhuang Qiao,21,3
Yizhuang Qiao,Yizhuang Culture Park,21,2
Yizhuang Culture Park,Wanyuan Jie,21,2
Wanyuan Jie,Rongjing Dongjie,21,3
Rongjing Dongjie,Rongchang Dongjie,21,2
Rongchang Dongjie,Tongji Nanlu,21,3
Tongji Nanlu,Jinghai Lu,21,3
Jinghai Lu,Ciqu Nan (S),21,3
Ciqu Nan (S),Ciqu,21,2
Ciqu,Yizhuang Railway Station,21,2
Dongguantou Nan (S),Shoujingmao,22,2
Shoujingmao,Huaxiang Dongqiao,22,3
Huaxiang Dongqiao,Baipenyao,22,2
Baipenyao,Guogongzhuang,22,3
Guogongzhuang,Dabaotai,22,3
Dabaotai,Daotian,22,5
Daotian,Changyang,22,4
Changyang,Libafang,22,3
Libafang,Guangyang Cheng,22,2
Guangyang Cheng,Liangxiang Univ. Town North,22,3
Liangxiang Univ. Town North,Liangxiang Univ. Town,22,3
Liangxiang Univ. Town,Liangxiang Univ. Town West,22,2
Liangxiang Univ. Town West,Liangxiang Nanguan,22,3
Liangxiang Nanguan,Suzhuang,22,2
Suzhuang,Yancun Dong (E),22,3
Pingguo Yuan,Jin'an Qiao,23,3
Jin'an Qiao,Sidao Qiao,23,3
Sidao Qiao,Qiaohuying,23,2
Qiaohuying,Shang'an,23,3
Shang'an,Liyuanzhuang,23,2
Liyuanzhuang,Xiaoyuan,23,3
Xiaoyuan,Shichang,23,2
Yanshan,Fangshan Chengguan,24,2
Fangshan Chengguan,Raole Fu,24,3
Raole Fu,Magezhuang,24,2
Magezhuang,Dashihe Dong (E),24,3
Dashihe Dong (E),Xingcheng,24,3
Xingcheng,Yancun,24,3
Yancun,Zicaowu,24,3
Zicaowu,Yancun Dong (E),24,2
Beixinqiao,Dongzhi Men,25,3
Dongzhi Men,Sanyuan Qiao,25,3
Sanyuan Qiao,Terminal 3,25,13
Terminal 3,Terminal 2,25,14
Daxing Airport,Daxing Xincheng,26,12
Daxing Xincheng,Caoqiao,26,7
