Source,Destination,Line,Time(min)
Xinzhuang,Waihuanlu,1,2
Waihuanlu,Lianhua Road,1,2
Lianhua Road,Jinjiang Park,1,3
Jinjiang Park,Shanghai South Railway Station,1,3
Shanghai South Railway Station,Caobao Road,1,3
Caobao Road,Shanghai Indoor Stadium,1,3
Shanghai Indoor Stadium,Xujiahui,1,2
Xujiahui,Hengshan Road,1,2
Hengshan Road,Changshu Road,1,2
Changshu Road,South Shaanxi Road,1,2
South Shaanxi Road,South Huangpi Road,1,2
South Huangpi Road,People's Square,1,3
People's Square,Xinzha Rd,1,2
Xinzha Rd,Hanzhong Road,1,2
Hanzhong Road,Shanghai Railway Station,1,3
Shanghai Railway Station,North Zhongshan Road,1,2
North Zhongshan Road,Yanchang Road,1,3
Yanchang Road,Shanghai Circus World,1,2
Shanghai Circus World,Wenshui Road,1,2
Wenshui Road,Pengpu Xincun,1,3
Pengpu Xincun,Gongkang Road,1,3
Gongkang Road,Tonghe Xincun,1,2
Tonghe Xincun,Hulan Road,1,2
Hulan Road,Gongfu Xincun,1,3
Gongfu Xincun,Bao'an Highway,1,3
Bao'an Highway,West Youyi Road,1,2
West Youyi Road,Fujin Road,1,2
East Xujing,Hongqiao Railway Station,2,3
Hongqiao Railway Station,Hongqiao Airport Terminal 2,2,2
Hongqiao Airport Terminal 2,Songhong Road,2,5
Songhong Road,Beixinjing,2,2
Beixinjing,Weining Road,2,2
Weining Road,Loushanguan Road,2,3
Loushanguan Road,Zhongshan Park,2,3
Zhongshan Park,Jiangsu Road,2,2
Jiangsu Road,Jing'an Temple,2,3
Jing'an Temple,West Nanjing Road,2,3
West Nanjing Road,People's Square,2,3
People's Square,East Nanjing Road,2,2
East Nanjing Road,Lujiazui,2,3
Lujiazui,Dongchang Road,2,2
Dongchang Road,Century Avenue,2,3
Century Avenue,Shanghai Science & Technology Museum,2,2
Shanghai Science & Technology Museum,Century Park,2,3
Century Park,Longyang Road,2,2
Longyang Road,Zhangjiang High Technology Park,2,3
Zhangjiang High Technology Park,Jinke Road,2,2
Jinke Road,Guanglan Road,2,3
Guanglan Road,Tangzhen,2,3
Tangzhen,Middle Chuangxin Road,2,3
Middle Chuangxin Road,East Huaxia Road,2,3
East Huaxia Road,Chuansha,2,3
Chuansha,Lingkong Road,2,3
Lingkong Road,Yuandong Avenue,2,4
Yuandong Avenue,Haitiansan Road,2,5
Haitiansan Road,Pudong International Airport,2,3
Shanghai South Railway Station,Shilong Road,3,2
Shilong Road,Longcao Road,3,3
Longcao Road,Caoxi Road,3,2
Caoxi Road,Yishan Road,3,3
Yishan Road,Hongqiao Road,3,2
Hongqiao Road,West Yan'an Road,3,3
West Yan'an Road,Zhongshan Park,3,2
Zhongshan Park,Jinshajiang Road,3,3
Jinshajiang Road,Caoyang Road,3,2
Caoyang Road,Zhenping Road,3,3
Zhenping Road,Zhongtan Road,3,2
Zhongtan Road,Shanghai Railway Station,3,3
Shanghai Railway Station,Baoshan Road,3,3
Baoshan Road,Dongbaoxing Road,3,2
Dongbaoxing Road,Hongkou Football Stadium,3,2
Hongkou Football Stadium,Chifeng Road,3,3
Chifeng Road,Dabaishu,3,2
Dabaishu,Jiangwan Town,3,3
Jiangwan Town,West Yingao Road,3,2
West Yingao Road,South Changjiang Road,3,3
South Changjiang Road,Songfa Road,3,3
Songfa Road,Zhanghuabang,3,2
Zhanghuabang,Songbin Road,3,3
Songbin Road,Shuichan Road,3,2
Shuichan Road,Baoyang Road,3,3
Baoyang Road,Youyi Road,3,2
Youyi Road,Tieli Road,3,3
Tieli Road,North Jiangyang Road,3,3
Yishan Road,Hongqiao Road,4,3
Hongqiao Road,West Yan'an Road,4,2
West Yan'an Road,Zhongshan Park,4,2
Zhongshan Park,Jinshajiang Road,4,3
Jinshajiang Road,Caoyang Road,4,2
Caoyang Road,Zhenping Road,4,3
Zhenping Road,Zhongtan Road,4,2
Zhongtan Road,Shanghai Railway Station,4,3
Shanghai Railway Station,Baoshan Road,4,4
Baoshan Road,Hailun Road,4,3
Hailun Road,Linping Road,4,2
Linping Road,Dalian Road,4,2
Dalian Road,Yangshupu Road,4,2
Yangshupu Road,Pudong Avenue,4,2
Pudong Avenue,Century Avenue,4,3
Century Avenue,Pudian Road,4,2
Pudian Road,Lancun Road,4,2
Lancun Road,Tangqiao,4,3
Tangqiao,Nanpu Bridge,4,3
Nanpu Bridge,South Xizang Road,4,2
South Xizang Road,Luban Road,4,2
Luban Road,Damuqiao Road,4,3
Damuqiao Road,Dong'an Road,4,2
Dong'an Road,Shanghai Stadium,4,2
Shanghai Stadium,Shanghai Indoor Stadium,4,2
Shanghai Indoor Stadium,Yishan Road,4,2
Xinzhuang,Chunshen Road,5,2
Chunshen Road,Yindu Road,5,2
Yindu Road,Zhuanqiao,5,3
Zhuanqiao,Beiqiao,5,3
Beiqiao,Jianchuan Road,5,3
Jianchuan Road,Dongchuan Road,5,2
Dongchuan Road,Jiangchuan Road,5,4
Jiangchuan Road,Xidu,5,5
Xidu,Xiaotang,5,3
Xiaotang,Fengpu Avenue,5,3
Fengpu Avenue,Huanchengdong Road,5,3
Huanchengdong Road,Wangyuan Road,5,3
Wangyuan Road,Jinhai Lake,5,2
Jinhai Lake,Fengxian Xincheng,5,2
Fengxian Xincheng,Jinping Road,5,5
Jinping Road,Huaning Road,5,2
Huaning Road,Wenjing Road,5,3
Wenjing Road,Minhang Development Zone,5,2
Oriental Sports Center,South Lingyan Road,6,2
South Lingyan Road,Shangnan Road,6,2
Shangnan Road,West Huaxia Road,6,2
West Huaxia Road,Gaoqing Road,6,3
Gaoqing Road,Dongming Road,6,2
Dongming Road,West Gaoke Road,6,3
West Gaoke Road,Linyi Xincun,6,2
Linyi Xincun,Shanghai Children's Medical Center,6,3
Shanghai Children's Medical Center,Lancun Road,6,3
Lancun Road,Pudian Road,6,2
Pudian Road,Century Avenue,6,3
Century Avenue,Yuanshen Stadium,6,2
Yuanshen Stadium,Minsheng Road,6,2
Minsheng Road,Beiyangjing Road,6,2
Beiyangjing Road,Deping Road,6,3
Deping Road,Yunshan Road,6,2
Yunshan Road,Jinqiao Road,6,3
Jinqiao Road,Boxing Road,6,2
Boxing Road,Wulian Road,6,2
Wulian Road,Jufeng Road,6,2
Jufeng Road,Dongjing Road,6,3
Dongjing Road,Wuzhou Avenue,6,2
Wuzhou Avenue,Zhouhai Road,6,2
Zhouhai Road,South Waigaoqiao Free Trade Zone,6,3
South Waigaoqiao Free Trade Zone,Hangjin Road,6,3
Hangjin Road,North Waigaoqiao Free Trade Zone,6,2
North Waigaoqiao Free Trade Zone,Gangcheng Road,6,3
Meilan Lake,Luonan Xincun,7,2
Luonan Xincun,Panguang Road,7,3
Panguang Road,Liuhang,7,2
Liuhang,Gucun Park,7,3
Gucun Park,Qihua Road,7,3
Qihua Road,Shanghai University,7,2
Shanghai University,Nanchen Road,7,2
Nanchen Road,Shangda Road,7,2
Shangda Road,Changzhong Road,7,3
Changzhong Road,Dachang Town,7,2
Dachang Town,Xingzhi Road,7,2
Xingzhi Road,Dahuasan Road,7,2
Dahuasan Road,Xincun Road,7,2
Xincun Road,Langao Road,7,2
Langao Road,Zhenping Road,7,3
Zhenping Road,Changshou Road,7,3
Changshou Road,Changping Road,7,2
Changping Road,Jing'an Temple,7,2
Jing'an Temple,Changshu Road,7,2
Changshu Road,Zhaojiabang Road,7,3
Zhaojiabang Road,Dong'an Road,7,2
Dong'an Road,Middle Longhua Road,7,2
Middle Longhua Road,Houtan,7,3
Houtan,Changqing Road,7,2
Changqing Road,Yaohua Road,7,2
Yaohua Road,Yuntai Road,7,2
Yuntai Road,West Gaoke Road,7,2
West Gaoke Road,South Yanggao Road,7,3
South Yanggao Road,Jinxiu Road,7,2
Jinxiu Road,Fanghua Road,7,2
Fanghua Road,Longyang Road,7,3
Longyang Road,Huamu Road,7,2
Shendu Highway,Lianhang Road,8,2
Lianhang Road,Jiangyue Road,8,2
Jiangyue Road,Pujiang Town,8,2
Pujiang Town,Luheng Road,8,3
Luheng Road,Lingzhao Xincun,8,3
Lingzhao Xincun,Oriental Sports Center,8,3
Oriental Sports Center,Yangsi,8,2
Yangsi,Chengshan Road,8,2
Chengshan Road,Yaohua Road,8,2
Yaohua Road,China Art Museum,8,2
China Art Museum,South Xizang Road,8,3
South Xizang Road,Lujiabang Road,8,2
Lujiabang Road,Laoximen,8,2
Laoximen,Dashijie,8,2
Dashijie,People's Square,8,2
People's Square,Qufu Road,8,2
Qufu Road,Zhongxing Road,8,2
Zhongxing Road,North Xizang Road,8,3
North Xizang Road,Hongkou Football Stadium,8,2
Hongkou Football Stadium,Quyang Road,8,3
Quyang Road,Siping Road,8,2
Siping Road,Anshan Xincun,8,2
Anshan Xincun,Jiangpu Road,8,2
Jiangpu Road,Huangxin Road,8,2
Huangxin Road,Middle Yanji Road,8,2
Middle Yanji Road,Huangxing Park,8,2
Huangxing Park,Xiangyin Road,8,2
Xiangyin Road,Nenjiang Road,8,2
Nenjiang Road,Shiguang Road,8,2
Songjiang South Railway Station,Zuibaichi Park,9,3
Zuibaichi Park,Songjiang Sports Center,9,3
Songjiang Sports Center,Songjiang Xincheng,9,3
Songjiang Xincheng,Songjiang University Town,9,4
Songjiang University Town,Dongjing,9,4
Dongjing,Sheshan,9,3
Sheshan,Sijing,9,4
Sijing,Jiuting,9,7
Jiuting,Zhongchun Road,9,4
Zhongchun Road,Qibao,9,3
Qibao,Xingzhong Road,9,2
Xingzhong Road,Hechuan Road,9,3
Hechuan Road,Caohejing Hi-Tech Park,9,3
Caohejing Hi-Tech Park,Guilin Road,9,3
Guilin Road,Yishan Road,9,4
Yishan Road,Xujiahui,9,3
Xujiahui,Zhaojiabang Road,9,2
Zhaojiabang Road,Jiashan Road,9,3
Jiashan Road,Dapuqiao,9,2
Dapuqiao,Madang Road,9,2
Madang Road,Lujiabang Road,9,2
Lujiabang Road,Xiaonanmen,9,3
Xiaonanmen,Shangcheng Road,9,4
Shangcheng Road,Century Avenue,9,3
Century Avenue,Middle Yanggao Road,9,3
Middle Yanggao Road,Fangdian Road,9,2
Fangdian Road,Lantian Road,9,3
Lantian Road,Taierzhuang Road,9,3
Taierzhuang Road,Jinqiao,9,2
Jinqiao,Jinji Road,9,3
Jinji Road,Jinhai Road,9,2
Jinhai Road,Gutang Road,9,3
Gutang Road,Meilei Road,9,2
Meilei Road,Caolu,9,2
Hangzhong Road,Ziteng Road,10,2
Ziteng Road,Longbai Xincun,10,2
Longbai Xincun,Hongqiao Railway Station,10,1
Hongqiao Railway Station,Hongqiao Airport Terminal 2,10,1
Hongqiao Airport Terminal 2,Hongqiao Airport Terminal 1,10,3
Hongqiao Airport Terminal 1,Shanghai Zoo,10,3
Shanghai Zoo,Longxi Road,10,2
Longxi Road,Shuicheng Road,10,3
Shuicheng Road,Yili Road,10,2
Yili Road,Songyuan Road,10,2
Songyuan Road,Hongqiao Road,10,2
Hongqiao Road,Jiaotong University,10,2
Jiaotong University,Shanghai Library,10,2
Shanghai Library,South Shaanxi Road,10,3
South Shaanxi Road,Xintiandi,10,2
Xintiandi,Laoximen,10,2
Laoximen,Yuyuan Garden,10,3
Yuyuan Garden,East Nanjing Road,10,2
East Nanjing Road,Tiantong Road,10,2
Tiantong Road,North Sichuan Road,10,2
North Sichuan Road,Hailun Road,10,2
Hailun Road,Youdian Xincun,10,2
Youdian Xincun,Siping Road,10,2
Siping Road,Tongji University,10,2
Tongji University,Guoquan Road,10,2
Guoquan Road,Wujiaochang,10,2
Wujiaochang,Jiangwan Stadium,10,2
Jiangwan Stadium,Sanmen Road,10,2
Sanmen Road,East Yingao Road,10,2
East Yingao Road,Xinjiangwancheng,10,2
Xinjiangwancheng,Guofan Road,10,2
Guofan Road,Shuangjiang Road,10,4
Shuangjiang Road,West Gaoqiao,10,2
West Gaoqiao,Gaoqiao,10,2
Gaoqiao,Gangcheng Road,10,2
Gangcheng Road,Jilong Road,10,2
Anting,Shanghai Automobile City,11,2
Shanghai Automobile City,East Changji Road,11,3
East Changji Road,Shanghai Circuit,11,4
Shanghai Circuit,Jiading Xincheng,11,4
North Jiading,West Jiading,11,2
West Jiading,Baiyin Road,11,3
Baiyin Road,Jiading Xincheng,11,3
Jiading Xincheng,Malu,11,3
Malu,Chenxiang Hwy,11,4
Chenxiang Hwy,Nanxiang,11,3
Nanxiang,Taopu Xincun,11,3
Taopu Xincun,Wuwei Road,11,3
Wuwei Road,Qilianshan Road,11,2
Qilianshan Road,Liziyuan,11,3
Liziyuan,Shanghai West Railway Station,11,2
Shanghai West Railway Station,Zhenru,11,3
Zhenru,Fengqiao Road,11,2
Fengqiao Road,Caoyang Road,11,2
Caoyang Road,Longde Road,11,2
Longde Road,Jiangsu Road,11,2
Jiangsu Road,Jiaotong University,11,3
Jiaotong University,Xujiahui,11,2
Xujiahui,Shanghai Swimming Center,11,3
Shanghai Swimming Center,Longhua,11,3
Longhua,Yunjin Road,11,2
Yunjin Road,longyao Road,11,2
longyao Road,Oriental Sports Center,11,3
Oriental Sports Center,Sanlin,11,4
Sanlin,East Sanlin,11,2
East Sanlin,Pusan Road,11,2
Pusan Road,Yuqiao,11,4
Yuqiao,Luoshan Road,11,3
Luoshan Road,Xiuyan Road,11,2
Xiuyan Road,Kangxin Highway,11,3
Kangxin Highway,Disney Resort,11,3
Qixin Road,Hongxin Road,12,2
Hongxin Road,Gudai Road,12,3
Gudai Road,Donglan Road,12,2
Donglan Road,Hongmei Road,12,3
Hongmei Road,Hongcao Road,12,2
Hongcao Road,Guilin Park,12,2
Guilin Park,Caobao Road,12,2
Caobao Road,Longcao Road,12,3
Longcao Road,Longhua,12,2
Longhua,Middle Longhua Road,12,3
Middle Longhua Road,Damuqiao Road,12,3
Damuqiao Road,Jiashan Road,12,2
Jiashan Road,South Shaanxi Road,12,3
South Shaanxi Road,West Nanjing Road,12,2
West Nanjing Road,Hanzhong Road,12,3
Hanzhong Road,Qufu Road,12,3
Qufu Road,Tiantong Road,12,2
Tiantong Road,International Passenger Transport Center,12,3
International Passenger Transport Center,Tilanqiao,12,3
Tilanqiao,Dalian Road,12,2
Dalian Road,Jiangpu Park,12,2
Jiangpu Park,Ningguo Road,12,2
Ningguo Road,Longchang Road,12,3
Longchang Road,Aiguo Road,12,2
Aiguo Road,Fuxing Island,12,2
Fuxing Island,Donglu Road,12,3
Donglu Road,Jufeng Road,12,2
Jufeng Road,North Yanggao Road,12,3
North Yanggao Road,Jinjing Road,12,2
Jinjing Road,Shenjiang Road,12,2
Shenjiang Road,Jinhai Road,12,3
Jinyun Road,West Jinshajiang Road,13,2
West Jinshajiang Road,Fengzhuang,13,3
Fengzhuang,South Qilianshan Road,13,3
South Qilianshan Road,Zhenbei Road,13,2
Zhenbei Road,Daduhe Road,13,3
Daduhe Road,Jinshajiang Road,13,3
Jinshajiang Road,Longde Road,13,2
Longde Road,Wuning Road,13,3
Wuning Road,Changshou Road,13,2
Changshou Road,Jiangning Road,13,2
Jiangning Road,Hanzhong Road,13,3
Hanzhong Road,Shanghai Natural History Museum,13,1
Shanghai Natural History Museum,West Nanjing Road,13,3
West Nanjing Road,Middle Huaihai Road,13,2
Middle Huaihai Road,Xintiandi,13,3
Xintiandi,Madang Road,13,2
Madang Road,World Expo Museum,13,2
World Expo Museum,Shibo Avenue,13,3
Shibo Avenue,Changqing Road,13,3
Changqing Road,Chengshan Road,13,2
Chengshan Road,Dongming Road,13,2
Dongming Road,Huapeng Road,13,3
Huapeng Road,Xia'nan Road,13,2
Xia'nan Road,Beicai,13,3
Beicai,Chengchun Road,13,2
Chengchun Road,Lianxi Road,13,2
Lianxi Road,Middle Huaxia Road,13,3
Middle Huaxia Road,Zhongke Road,13,3
Zhongke Road,Xuelin Road,13,2
Xuelin Road,Zhangjiang Road,13,2
Fengbang,Lexiu Road,14,2
Lexiu Road,Lintao Road,14,2
Lintao Road,Jiayi Road,14,3
Jiayi Road,Dingbian Road,14,2
Dingbian Road,Zhenxin Xincun,14,2
Zhenxin Xincun,Zhenguang Road,14,2
Zhenguang Road,Tongchuan Road,14,2
Tongchuan Road,Zhenru,14,2
Zhenru,Zhongning Road,14,3
Zhongning Road,Caoyang Road,14,2
Caoyang Road,Wuning Road,14,2
Wuning Road,Wuding Road,14,2
Wuding Road,Jing'an Temple,14,2
Jing'an Temple,South Huangpi Road,14,3
South Huangpi Road,Dashijie,14,2
Dashijie,Yuyuan Garden,14,2
Yuyuan Garden,Lujiazui,14,3
Lujiazui,South Pudong Road,14,2
South Pudong Road,Pudong Avenue,14,2
Pudong Avenue,Yuanshen Road,14,2
Yuanshen Road,Changyi Road,14,2
Changyi Road,Xiepu Road,14,2
Xiepu Road,Yunshan Road,14,3
Yunshan Road,Lantian Road,14,3
Lantian Road,Huangyang Road,14,2
Huangyang Road,Yunshun Road,14,2
Yunshun Road,Pudong Football Stadium,14,3
Pudong Football Stadium,Jinyue Road,14,2
Jinyue Road,Guiqiao Road,14,1
Zizhu Hi-tech Park,Yongde Road,15,2
Yongde Road,Yuanjiang Road,15,3
Yuanjiang Road,Shuangbai Road,15,3
Shuangbai Road,Shujian Road,15,1
Shujian Road,Jingxi Road,15,2
Jingxi Road,South Hongmei Road,15,3
South Hongmei Road,West Huajing,15,2
West Huajing,Zhumei Road,15,2
Zhumei Road,Luoxiu Road,15,2
Luoxiu Road,East China University of Science and Technology,15,3
East China University of Science and Technology,Shanghai South Railway Station,15,2
Shanghai South Railway Station,Guilin Park,15,3
Guilin Park,Guilin Road,15,2
Guilin Road,Wuzhong Road,15,2
Wuzhong Road,Yaohong Road,15,2
Yaohong Road,Hongbaoshi Road,15,2
Hongbaoshi Road,Loushanguan Road,15,3
Loushanguan Road,Changfeng Park,15,2
Changfeng Park,Daduhe Road,15,2
Daduhe Road,North Meiling Road,15,2
North Meiling Road,Tongchuan Road,15,2
Tongchuan Road,Shanghai West Railway Station,15,3
Shanghai West Railway Station,East Wuwei Road,15,2
East Wuwei Road,Gulang Road,15,2
Gulang Road,Qi'an Road,15,2
Qi'an Road,Nanda Road,15,2
Nanda Road,Fengxiang Road,15,2
Fengxiang Road,Jinqiu Road,15,3
Jinqiu Road,Gucun Park,15,2
Longyang Road,Middle Huaxia Road,16,5
Middle Huaxia Road,Luoshan Road,16,4
Luoshan Road,East Zhoupu,16,7
East Zhoupu,Heshahangcheng,16,6
Heshahangcheng,East Hangtou,16,4
East Hangtou,Xinchang,16,6
Xinchang,Wild Animal Park,16,7
Wild Animal Park,Huinan,16,8
Huinan,East Huinan,16,5
East Huinan,Shuyuan,16,11
Shuyuan,Lingang Ave,16,6
Lingang Ave,Dishui Lake,16,3
Hongqiao Railway Station,Zhuguang Road,17,3
Zhuguang Road,Panlong Road,17,2
Panlong Road,Xuying Road,17,3
Xuying Road,Xujingbeicheng,17,3
Xujingbeicheng,Jiasong Road (M),17,3
Jiasong Road (M),Zhaoxiang,17,3
Zhaoxiang,Huijin Road,17,3
Huijin Road,Qingpu Xincheng,17,3
Qingpu Xincheng,Caoying Road,17,3
Caoying Road,Dianshanhu Avenue,17,3
Dianshanhu Avenue,Zhujiajiao,17,4
Zhujiajiao,Oriental Land,17,3
Hangtou,Xiasha,18,2
Xiasha,Hetao Road,18,3
Hetao Road,Shenmei Road,18,3
Shenmei Road,Fanrong Road,18,2
Fanrong Road,Zhoupu,18,2
Zhoupu,Kangqiao,18,3
Kangqiao,Yuqiao,18,3
Yuqiao,Lianxi Road,18,2
Lianxi Road,Beizhong Road,18,3
Beizhong Road,Fangxin Road,18,1
Fangxin Road,Longyang Road,18,2
Longyang Road,Yingchun Road,18,3
Yingchun Road,Middle Yanggao Road,18,2
Middle Yanggao Road,Minsheng Road,18,2
Minsheng Road,Changyi Road,18,2
Changyi Road,Danyang Road,18,3
Danyang Road,Pingliang Road,18,1
Pingliang Road,Jiangpu Park,18,2
Jiangpu Park,Jiangpu Road,18,3
Jiangpu Road,Fushun Road,18,1
Fushun Road,Guoquan Road,18,2
Guoquan Road,Fudan University,18,3
Fudan University,Shanghai University of Finance and Economics,18,2
Shanghai University of Finance and Economics,Yin'gao Road,18,2
Yin'gao Road,South Changjiang Road,18,2
